title,company,location,date,job_url,job_description
Senior Python Developer,"Payne, Roberts and Davis","Stewartbury, AA",2021-04-08,,
Senior Python Developer,"Payne, Roberts and Davis","Christopherville, AA",2021-04-08,,
Senior Python Developer,"Payne, Roberts and Davis","Port Ericaburgh, AA",2021-04-08,,
Senior Python Developer,"Payne, Roberts and Davis","East Seanview, AP",2021-04-08,,
Senior Python Developer,"Payne, Roberts and Davis","North Jamieview, AP",2021-04-08,,
Senior Python Developer,"Payne, Roberts and Davis","Davidville, AP",2021-04-08,,
Senior Python Developer,"Payne, Roberts and Davis","South Christopher, AE",2021-04-08,,
Senior Python Developer,"Payne, Roberts and Davis","Port Jonathan, AE",2021-04-08,,
Senior Python Developer,"Payne, Roberts and Davis","Osbornetown, AE",2021-04-08,,
Senior Python Developer,"Payne, Roberts and Davis","Scotttown, AP",2021-04-08,,
Senior Python Developer,"Payne, Roberts and Davis","Ericberg, AE",2021-04-08,,
Senior Python Developer,"Payne, Roberts and Davis","Ramireztown, AE",2021-04-08,,
Senior Python Developer,"Payne, Roberts and Davis","Figueroaview, AA",2021-04-08,,
Senior Python Developer,"Payne, Roberts and Davis","Kelseystad, AA",2021-04-08,,
Senior Python Developer,"Payne, Roberts and Davis","Williamsburgh, AE",2021-04-08,,
Senior Python Developer,"Payne, Roberts and Davis","Mitchellburgh, AE",2021-04-08,,
Senior Python Developer,"Payne, Roberts and Davis","West Jessicabury, AA",2021-04-08,,
Senior Python Developer,"Payne, Roberts and Davis","Maloneshire, AE",2021-04-08,,
Senior Python Developer,"Payne, Roberts and Davis","Johnsonton, AA",2021-04-08,,
Senior Python Developer,"Payne, Roberts and Davis","South Davidtown, AP",2021-04-08,,
Senior Python Developer,"Payne, Roberts and Davis","Port Sara, AE",2021-04-08,,
Senior Python Developer,"Payne, Roberts and Davis","Marktown, AA",2021-04-08,,
Senior Python Developer,"Payne, Roberts and Davis","Laurenland, AE",2021-04-08,,
Senior Python Developer,"Payne, Roberts and Davis","Lauraton, AP",2021-04-08,,
Senior Python Developer,"Payne, Roberts and Davis","South Tammyberg, AP",2021-04-08,,
Senior Python Developer,"Payne, Roberts and Davis","North Brandonville, AP",2021-04-08,,
Senior Python Developer,"Payne, Roberts and Davis","Port Robertfurt, AA",2021-04-08,,
Senior Python Developer,"Payne, Roberts and Davis","Burnettbury, AE",2021-04-08,,
Senior Python Developer,"Payne, Roberts and Davis","Herbertside, AA",2021-04-08,,
Senior Python Developer,"Payne, Roberts and Davis","Christopherport, AP",2021-04-08,,
Senior Python Developer,"Payne, Roberts and Davis","West Victor, AE",2021-04-08,,
Senior Python Developer,"Payne, Roberts and Davis","Port Aaron, AP",2021-04-08,,
Senior Python Developer,"Payne, Roberts and Davis","Loribury, AA",2021-04-08,,
Senior Python Developer,"Payne, Roberts and Davis","Angelastad, AP",2021-04-08,,
Senior Python Developer,"Payne, Roberts and Davis","Larrytown, AE",2021-04-08,,
Senior Python Developer,"Payne, Roberts and Davis","West Colin, AP",2021-04-08,,
Senior Python Developer,"Payne, Roberts and Davis","West Stephanie, AP",2021-04-08,,
Senior Python Developer,"Payne, Roberts and Davis","Laurentown, AP",2021-04-08,,
Senior Python Developer,"Payne, Roberts and Davis","Wrightberg, AP",2021-04-08,,
Senior Python Developer,"Payne, Roberts and Davis","Alberttown, AE",2021-04-08,,
Senior Python Developer,"Payne, Roberts and Davis","Brockburgh, AE",2021-04-08,,
Senior Python Developer,"Payne, Roberts and Davis","North Jason, AE",2021-04-08,,
Senior Python Developer,"Payne, Roberts and Davis","Arnoldhaven, AE",2021-04-08,,
Senior Python Developer,"Payne, Roberts and Davis","Lake Destiny, AP",2021-04-08,,
Senior Python Developer,"Payne, Roberts and Davis","South Timothyburgh, AP",2021-04-08,,
Senior Python Developer,"Payne, Roberts and Davis","New Jimmyton, AE",2021-04-08,,
Senior Python Developer,"Payne, Roberts and Davis","New Lucasbury, AP",2021-04-08,,
Senior Python Developer,"Payne, Roberts and Davis","Port Cory, AE",2021-04-08,,
Senior Python Developer,"Payne, Roberts and Davis","Gileston, AA",2021-04-08,,
Senior Python Developer,"Payne, Roberts and Davis","Cindyshire, AA",2021-04-08,,
Senior Python Developer,"Payne, Roberts and Davis","East Michaelfort, AA",2021-04-08,,
Senior Python Developer,"Payne, Roberts and Davis","Joybury, AE",2021-04-08,,
Senior Python Developer,"Payne, Roberts and Davis","Emmatown, AE",2021-04-08,,
Senior Python Developer,"Payne, Roberts and Davis","Colehaven, AP",2021-04-08,,
Senior Python Developer,"Payne, Roberts and Davis","Port Coryton, AE",2021-04-08,,
Senior Python Developer,"Payne, Roberts and Davis","Amyborough, AA",2021-04-08,,
Senior Python Developer,"Payne, Roberts and Davis","Reynoldsville, AA",2021-04-08,,
Senior Python Developer,"Payne, Roberts and Davis","Port Billy, AP",2021-04-08,,
Senior Python Developer,"Payne, Roberts and Davis","Adamburgh, AA",2021-04-08,,
Senior Python Developer,"Payne, Roberts and Davis","Wilsonmouth, AA",2021-04-08,,
Senior Python Developer,"Payne, Roberts and Davis","South Kimberly, AA",2021-04-08,,
Senior Python Developer,"Payne, Roberts and Davis","Benjaminland, AP",2021-04-08,,
Senior Python Developer,"Payne, Roberts and Davis","Zacharyport, AA",2021-04-08,,
Senior Python Developer,"Payne, Roberts and Davis","Port Devonville, AE",2021-04-08,,
Senior Python Developer,"Payne, Roberts and Davis","East Thomas, AE",2021-04-08,,
Senior Python Developer,"Payne, Roberts and Davis","New Jeffrey, AP",2021-04-08,,
Senior Python Developer,"Payne, Roberts and Davis","Davidside, AA",2021-04-08,,
Senior Python Developer,"Payne, Roberts and Davis","Jamesville, AA",2021-04-08,,
Senior Python Developer,"Payne, Roberts and Davis","New Kelly, AP",2021-04-08,,
Senior Python Developer,"Payne, Roberts and Davis","Lake Antonio, AA",2021-04-08,,
Senior Python Developer,"Payne, Roberts and Davis","New Elizabethside, AA",2021-04-08,,
Senior Python Developer,"Payne, Roberts and Davis","Millsbury, AE",2021-04-08,,
Senior Python Developer,"Payne, Roberts and Davis","Lloydton, AP",2021-04-08,,
Senior Python Developer,"Payne, Roberts and Davis","Port Jeremy, AA",2021-04-08,,
Senior Python Developer,"Payne, Roberts and Davis","New Elizabethtown, AA",2021-04-08,,
Senior Python Developer,"Payne, Roberts and Davis","Charlesstad, AE",2021-04-08,,
Senior Python Developer,"Payne, Roberts and Davis","Josephbury, AE",2021-04-08,,
Senior Python Developer,"Payne, Roberts and Davis","Seanfurt, AA",2021-04-08,,
Senior Python Developer,"Payne, Roberts and Davis","Williambury, AA",2021-04-08,,
Senior Python Developer,"Payne, Roberts and Davis","South Jorgeside, AP",2021-04-08,,
Senior Python Developer,"Payne, Roberts and Davis","Robertborough, AP",2021-04-08,,
Senior Python Developer,"Payne, Roberts and Davis","South Saratown, AP",2021-04-08,,
Senior Python Developer,"Payne, Roberts and Davis","Hullview, AA",2021-04-08,,
Senior Python Developer,"Payne, Roberts and Davis","Philipland, AP",2021-04-08,,
Senior Python Developer,"Payne, Roberts and Davis","North Patty, AE",2021-04-08,,
Senior Python Developer,"Payne, Roberts and Davis","North Stephen, AE",2021-04-08,,
Senior Python Developer,"Payne, Roberts and Davis","Stevensland, AP",2021-04-08,,
Senior Python Developer,"Payne, Roberts and Davis","Reyesstad, AE",2021-04-08,,
Senior Python Developer,"Payne, Roberts and Davis","Bellberg, AP",2021-04-08,,
Senior Python Developer,"Payne, Roberts and Davis","North Johnland, AE",2021-04-08,,
Senior Python Developer,"Payne, Roberts and Davis","Martinezburgh, AE",2021-04-08,,
Senior Python Developer,"Payne, Roberts and Davis","Joshuatown, AE",2021-04-08,,
Senior Python Developer,"Payne, Roberts and Davis","West Ericstad, AA",2021-04-08,,
Senior Python Developer,"Payne, Roberts and Davis","Tuckertown, AE",2021-04-08,,
Senior Python Developer,"Payne, Roberts and Davis","Perezton, AE",2021-04-08,,
Senior Python Developer,"Payne, Roberts and Davis","Lake Abigail, AE",2021-04-08,,
Senior Python Developer,"Payne, Roberts and Davis","Jacobshire, AP",2021-04-08,,
Senior Python Developer,"Payne, Roberts and Davis","Port Susan, AE",2021-04-08,,
Senior Python Developer,"Payne, Roberts and Davis","North Tiffany, AA",2021-04-08,,
Senior Python Developer,"Payne, Roberts and Davis","Michelleville, AP",2021-04-08,,
Senior Python Developer,"Payne, Roberts and Davis","Stewartbury, AA",2021-04-08,https://realpython.github.iohttps://www.realpython.com,
Energy engineer,Vasquez-Davidson,"Christopherville, AA",2021-04-08,https://realpython.github.iohttps://www.realpython.com,
Legal executive,"Jackson, Chambers and Levy","Port Ericaburgh, AA",2021-04-08,https://realpython.github.iohttps://www.realpython.com,
Fitness centre manager,Savage-Bradley,"East Seanview, AP",2021-04-08,https://realpython.github.iohttps://www.realpython.com,
Product manager,Ramirez Inc,"North Jamieview, AP",2021-04-08,https://realpython.github.iohttps://www.realpython.com,
Medical technical officer,Rogers-Yates,"Davidville, AP",2021-04-08,https://realpython.github.iohttps://www.realpython.com,
Physiological scientist,Kramer-Klein,"South Christopher, AE",2021-04-08,https://realpython.github.iohttps://www.realpython.com,
Textile designer,Meyers-Johnson,"Port Jonathan, AE",2021-04-08,https://realpython.github.iohttps://www.realpython.com,
Television floor manager,Hughes-Williams,"Osbornetown, AE",2021-04-08,https://realpython.github.iohttps://www.realpython.com,
Waste management officer,"Jones, Williams and Villa","Scotttown, AP",2021-04-08,https://realpython.github.iohttps://www.realpython.com,
Software Engineer (Python),Garcia PLC,"Ericberg, AE",2021-04-08,https://realpython.github.iohttps://www.realpython.com,
Interpreter,Gregory and Sons,"Ramireztown, AE",2021-04-08,https://realpython.github.iohttps://www.realpython.com,
Architect,"Clark, Garcia and Sosa","Figueroaview, AA",2021-04-08,https://realpython.github.iohttps://www.realpython.com,
Meteorologist,Bush PLC,"Kelseystad, AA",2021-04-08,https://realpython.github.iohttps://www.realpython.com,
Audiological scientist,Salazar-Meyers,"Williamsburgh, AE",2021-04-08,https://realpython.github.iohttps://www.realpython.com,
English as a second language teacher,"Parker, Murphy and Brooks","Mitchellburgh, AE",2021-04-08,https://realpython.github.iohttps://www.realpython.com,
Surgeon,Cruz-Brown,"West Jessicabury, AA",2021-04-08,https://realpython.github.iohttps://www.realpython.com,
Equities trader,Macdonald-Ferguson,"Maloneshire, AE",2021-04-08,https://realpython.github.iohttps://www.realpython.com,
Newspaper journalist,"Williams, Peterson and Rojas","Johnsonton, AA",2021-04-08,https://realpython.github.iohttps://www.realpython.com,
Materials engineer,Smith and Sons,"South Davidtown, AP",2021-04-08,https://realpython.github.iohttps://www.realpython.com,
Python Programmer (Entry-Level),"Moss, Duncan and Allen","Port Sara, AE",2021-04-08,https://realpython.github.iohttps://www.realpython.com,
Product/process development scientist,Gomez-Carroll,"Marktown, AA",2021-04-08,https://realpython.github.iohttps://www.realpython.com,
"Scientist, research (maths)","Manning, Welch and Herring","Laurenland, AE",2021-04-08,https://realpython.github.iohttps://www.realpython.com,
Ecologist,"Lee, Gutierrez and Brown","Lauraton, AP",2021-04-08,https://realpython.github.iohttps://www.realpython.com,
Materials engineer,"Davis, Serrano and Cook","South Tammyberg, AP",2021-04-08,https://realpython.github.iohttps://www.realpython.com,
Historic buildings inspector/conservation officer,Smith LLC,"North Brandonville, AP",2021-04-08,https://realpython.github.iohttps://www.realpython.com,
Data scientist,Thomas Group,"Port Robertfurt, AA",2021-04-08,https://realpython.github.iohttps://www.realpython.com,
Psychiatrist,Silva-King,"Burnettbury, AE",2021-04-08,https://realpython.github.iohttps://www.realpython.com,
Structural engineer,Pierce-Long,"Herbertside, AA",2021-04-08,https://realpython.github.iohttps://www.realpython.com,
Immigration officer,Walker-Simpson,"Christopherport, AP",2021-04-08,https://realpython.github.iohttps://www.realpython.com,
Python Programmer (Entry-Level),Cooper and Sons,"West Victor, AE",2021-04-08,https://realpython.github.iohttps://www.realpython.com,
Neurosurgeon,"Donovan, Gonzalez and Figueroa","Port Aaron, AP",2021-04-08,https://realpython.github.iohttps://www.realpython.com,
Broadcast engineer,"Morgan, Butler and Bennett","Loribury, AA",2021-04-08,https://realpython.github.iohttps://www.realpython.com,
Make,Snyder-Lee,"Angelastad, AP",2021-04-08,https://realpython.github.iohttps://www.realpython.com,
"Nurse, adult",Harris PLC,"Larrytown, AE",2021-04-08,https://realpython.github.iohttps://www.realpython.com,
Air broker,Washington PLC,"West Colin, AP",2021-04-08,https://realpython.github.iohttps://www.realpython.com,
"Editor, film/video","Brown, Price and Campbell","West Stephanie, AP",2021-04-08,https://realpython.github.iohttps://www.realpython.com,
"Production assistant, radio",Mcgee PLC,"Laurentown, AP",2021-04-08,https://realpython.github.iohttps://www.realpython.com,
"Engineer, communications",Dixon Inc,"Wrightberg, AP",2021-04-08,https://realpython.github.iohttps://www.realpython.com,
Sales executive,"Thompson, Sheppard and Ward","Alberttown, AE",2021-04-08,https://realpython.github.iohttps://www.realpython.com,
Software Developer (Python),Adams-Brewer,"Brockburgh, AE",2021-04-08,https://realpython.github.iohttps://www.realpython.com,
Futures trader,Schneider-Brady,"North Jason, AE",2021-04-08,https://realpython.github.iohttps://www.realpython.com,
Tour manager,Gonzales-Frank,"Arnoldhaven, AE",2021-04-08,https://realpython.github.iohttps://www.realpython.com,
Cytogeneticist,Smith-Wong,"Lake Destiny, AP",2021-04-08,https://realpython.github.iohttps://www.realpython.com,
"Designer, multimedia",Pierce-Herrera,"South Timothyburgh, AP",2021-04-08,https://realpython.github.iohttps://www.realpython.com,
Trade union research officer,"Aguilar, Rivera and Quinn","New Jimmyton, AE",2021-04-08,https://realpython.github.iohttps://www.realpython.com,
"Chemist, analytical","Lowe, Barnes and Thomas","New Lucasbury, AP",2021-04-08,https://realpython.github.iohttps://www.realpython.com,
"Programmer, multimedia","Lewis, Gonzalez and Vasquez","Port Cory, AE",2021-04-08,https://realpython.github.iohttps://www.realpython.com,
"Engineer, broadcasting (operations)",Taylor PLC,"Gileston, AA",2021-04-08,https://realpython.github.iohttps://www.realpython.com,
"Teacher, primary school","Oliver, Jones and Ramirez","Cindyshire, AA",2021-04-08,https://realpython.github.iohttps://www.realpython.com,
Python Developer,Rivera and Sons,"East Michaelfort, AA",2021-04-08,https://realpython.github.iohttps://www.realpython.com,
Manufacturing systems engineer,Garcia PLC,"Joybury, AE",2021-04-08,https://realpython.github.iohttps://www.realpython.com,
"Producer, television/film/video","Johnson, Wells and Kramer","Emmatown, AE",2021-04-08,https://realpython.github.iohttps://www.realpython.com,
"Scientist, forensic",Gonzalez LLC,"Colehaven, AP",2021-04-08,https://realpython.github.iohttps://www.realpython.com,
Bonds trader,"Morgan, White and Macdonald","Port Coryton, AE",2021-04-08,https://realpython.github.iohttps://www.realpython.com,
Editorial assistant,Robinson-Fitzpatrick,"Amyborough, AA",2021-04-08,https://realpython.github.iohttps://www.realpython.com,
Photographer,"Waters, Wilson and Hoover","Reynoldsville, AA",2021-04-08,https://realpython.github.iohttps://www.realpython.com,
Retail banker,Hill LLC,"Port Billy, AP",2021-04-08,https://realpython.github.iohttps://www.realpython.com,
Jewellery designer,Li-Gregory,"Adamburgh, AA",2021-04-08,https://realpython.github.iohttps://www.realpython.com,
Ophthalmologist,"Fisher, Ryan and Coleman","Wilsonmouth, AA",2021-04-08,https://realpython.github.iohttps://www.realpython.com,
"Back-End Web Developer (Python, Django)",Stewart-Alexander,"South Kimberly, AA",2021-04-08,https://realpython.github.iohttps://www.realpython.com,
Licensed conveyancer,Abbott and Sons,"Benjaminland, AP",2021-04-08,https://realpython.github.iohttps://www.realpython.com,
Futures trader,"Bryant, Santana and Davenport","Zacharyport, AA",2021-04-08,https://realpython.github.iohttps://www.realpython.com,
Counselling psychologist,Smith PLC,"Port Devonville, AE",2021-04-08,https://realpython.github.iohttps://www.realpython.com,
Insurance underwriter,Patterson-Singh,"East Thomas, AE",2021-04-08,https://realpython.github.iohttps://www.realpython.com,
"Engineer, automotive",Martinez-Berry,"New Jeffrey, AP",2021-04-08,https://realpython.github.iohttps://www.realpython.com,
"Producer, radio","May, Taylor and Fisher","Davidside, AA",2021-04-08,https://realpython.github.iohttps://www.realpython.com,
Dispensing optician,"Bailey, Owen and Thompson","Jamesville, AA",2021-04-08,https://realpython.github.iohttps://www.realpython.com,
"Designer, fashion/clothing",Vasquez Ltd,"New Kelly, AP",2021-04-08,https://realpython.github.iohttps://www.realpython.com,
Chartered loss adjuster,Leblanc LLC,"Lake Antonio, AA",2021-04-08,https://realpython.github.iohttps://www.realpython.com,
"Back-End Web Developer (Python, Django)","Jackson, Ali and Mckee","New Elizabethside, AA",2021-04-08,https://realpython.github.iohttps://www.realpython.com,
Forest/woodland manager,"Blankenship, Knight and Powell","Millsbury, AE",2021-04-08,https://realpython.github.iohttps://www.realpython.com,
Clinical cytogeneticist,"Patton, Haynes and Jones","Lloydton, AP",2021-04-08,https://realpython.github.iohttps://www.realpython.com,
Print production planner,Wood Inc,"Port Jeremy, AA",2021-04-08,https://realpython.github.iohttps://www.realpython.com,
Systems developer,Collins Group,"New Elizabethtown, AA",2021-04-08,https://realpython.github.iohttps://www.realpython.com,
Graphic designer,Flores-Nelson,"Charlesstad, AE",2021-04-08,https://realpython.github.iohttps://www.realpython.com,
Writer,"Mitchell, Jones and Olson","Josephbury, AE",2021-04-08,https://realpython.github.iohttps://www.realpython.com,
Field seismologist,Howard Group,"Seanfurt, AA",2021-04-08,https://realpython.github.iohttps://www.realpython.com,
Chief Strategy Officer,Kramer-Edwards,"Williambury, AA",2021-04-08,https://realpython.github.iohttps://www.realpython.com,
Air cabin crew,Berry-Houston,"South Jorgeside, AP",2021-04-08,https://realpython.github.iohttps://www.realpython.com,
Python Programmer (Entry-Level),Mathews Inc,"Robertborough, AP",2021-04-08,https://realpython.github.iohttps://www.realpython.com,
Warden/ranger,Riley-Johnson,"South Saratown, AP",2021-04-08,https://realpython.github.iohttps://www.realpython.com,
Sports therapist,Spencer and Sons,"Hullview, AA",2021-04-08,https://realpython.github.iohttps://www.realpython.com,
Arts development officer,Camacho-Sanchez,"Philipland, AP",2021-04-08,https://realpython.github.iohttps://www.realpython.com,
Printmaker,Oliver and Sons,"North Patty, AE",2021-04-08,https://realpython.github.iohttps://www.realpython.com,
Health and safety adviser,Eaton PLC,"North Stephen, AE",2021-04-08,https://realpython.github.iohttps://www.realpython.com,
Manufacturing systems engineer,Stanley-Frederick,"Stevensland, AP",2021-04-08,https://realpython.github.iohttps://www.realpython.com,
"Programmer, applications",Bradley LLC,"Reyesstad, AE",2021-04-08,https://realpython.github.iohttps://www.realpython.com,
Medical physicist,"Parker, Goodwin and Zavala","Bellberg, AP",2021-04-08,https://realpython.github.iohttps://www.realpython.com,
Media planner,Kim-Miles,"North Johnland, AE",2021-04-08,https://realpython.github.iohttps://www.realpython.com,
Software Developer (Python),Moreno-Rodriguez,"Martinezburgh, AE",2021-04-08,https://realpython.github.iohttps://www.realpython.com,
"Surveyor, land/geomatics",Brown-Ortiz,"Joshuatown, AE",2021-04-08,https://realpython.github.iohttps://www.realpython.com,
Legal executive,Hartman PLC,"West Ericstad, AA",2021-04-08,https://realpython.github.iohttps://www.realpython.com,
"Librarian, academic",Brooks Inc,"Tuckertown, AE",2021-04-08,https://realpython.github.iohttps://www.realpython.com,
Barrister,Washington-Castillo,"Perezton, AE",2021-04-08,https://realpython.github.iohttps://www.realpython.com,
Museum/gallery exhibitions officer,"Nguyen, Yoder and Petty","Lake Abigail, AE",2021-04-08,https://realpython.github.iohttps://www.realpython.com,
"Radiographer, diagnostic",Holder LLC,"Jacobshire, AP",2021-04-08,https://realpython.github.iohttps://www.realpython.com,
Database administrator,Yates-Ferguson,"Port Susan, AE",2021-04-08,https://realpython.github.iohttps://www.realpython.com,
Furniture designer,Ortega-Lawrence,"North Tiffany, AA",2021-04-08,https://realpython.github.iohttps://www.realpython.com,
Ship broker,"Fuentes, Walls and Castro","Michelleville, AP",2021-04-08,https://realpython.github.iohttps://www.realpython.com,
Senior Python Developer,"Payne, Roberts and Davis","Stewartbury, AA",2021-04-08,https://www.realpython.com,
Energy engineer,Vasquez-Davidson,"Christopherville, AA",2021-04-08,https://www.realpython.com,
Legal executive,"Jackson, Chambers and Levy","Port Ericaburgh, AA",2021-04-08,https://www.realpython.com,
Fitness centre manager,Savage-Bradley,"East Seanview, AP",2021-04-08,https://www.realpython.com,
Product manager,Ramirez Inc,"North Jamieview, AP",2021-04-08,https://www.realpython.com,
Medical technical officer,Rogers-Yates,"Davidville, AP",2021-04-08,https://www.realpython.com,
Physiological scientist,Kramer-Klein,"South Christopher, AE",2021-04-08,https://www.realpython.com,
Textile designer,Meyers-Johnson,"Port Jonathan, AE",2021-04-08,https://www.realpython.com,
Television floor manager,Hughes-Williams,"Osbornetown, AE",2021-04-08,https://www.realpython.com,
Waste management officer,"Jones, Williams and Villa","Scotttown, AP",2021-04-08,https://www.realpython.com,
Software Engineer (Python),Garcia PLC,"Ericberg, AE",2021-04-08,https://www.realpython.com,
Interpreter,Gregory and Sons,"Ramireztown, AE",2021-04-08,https://www.realpython.com,
Architect,"Clark, Garcia and Sosa","Figueroaview, AA",2021-04-08,https://www.realpython.com,
Meteorologist,Bush PLC,"Kelseystad, AA",2021-04-08,https://www.realpython.com,
Audiological scientist,Salazar-Meyers,"Williamsburgh, AE",2021-04-08,https://www.realpython.com,
English as a second language teacher,"Parker, Murphy and Brooks","Mitchellburgh, AE",2021-04-08,https://www.realpython.com,
Surgeon,Cruz-Brown,"West Jessicabury, AA",2021-04-08,https://www.realpython.com,
Equities trader,Macdonald-Ferguson,"Maloneshire, AE",2021-04-08,https://www.realpython.com,
Newspaper journalist,"Williams, Peterson and Rojas","Johnsonton, AA",2021-04-08,https://www.realpython.com,
Materials engineer,Smith and Sons,"South Davidtown, AP",2021-04-08,https://www.realpython.com,
Python Programmer (Entry-Level),"Moss, Duncan and Allen","Port Sara, AE",2021-04-08,https://www.realpython.com,
Product/process development scientist,Gomez-Carroll,"Marktown, AA",2021-04-08,https://www.realpython.com,
"Scientist, research (maths)","Manning, Welch and Herring","Laurenland, AE",2021-04-08,https://www.realpython.com,
Ecologist,"Lee, Gutierrez and Brown","Lauraton, AP",2021-04-08,https://www.realpython.com,
Materials engineer,"Davis, Serrano and Cook","South Tammyberg, AP",2021-04-08,https://www.realpython.com,
Historic buildings inspector/conservation officer,Smith LLC,"North Brandonville, AP",2021-04-08,https://www.realpython.com,
Data scientist,Thomas Group,"Port Robertfurt, AA",2021-04-08,https://www.realpython.com,
Psychiatrist,Silva-King,"Burnettbury, AE",2021-04-08,https://www.realpython.com,
Structural engineer,Pierce-Long,"Herbertside, AA",2021-04-08,https://www.realpython.com,
Immigration officer,Walker-Simpson,"Christopherport, AP",2021-04-08,https://www.realpython.com,
Python Programmer (Entry-Level),Cooper and Sons,"West Victor, AE",2021-04-08,https://www.realpython.com,
Neurosurgeon,"Donovan, Gonzalez and Figueroa","Port Aaron, AP",2021-04-08,https://www.realpython.com,
Broadcast engineer,"Morgan, Butler and Bennett","Loribury, AA",2021-04-08,https://www.realpython.com,
Make,Snyder-Lee,"Angelastad, AP",2021-04-08,https://www.realpython.com,
"Nurse, adult",Harris PLC,"Larrytown, AE",2021-04-08,https://www.realpython.com,
Air broker,Washington PLC,"West Colin, AP",2021-04-08,https://www.realpython.com,
"Editor, film/video","Brown, Price and Campbell","West Stephanie, AP",2021-04-08,https://www.realpython.com,
"Production assistant, radio",Mcgee PLC,"Laurentown, AP",2021-04-08,https://www.realpython.com,
"Engineer, communications",Dixon Inc,"Wrightberg, AP",2021-04-08,https://www.realpython.com,
Sales executive,"Thompson, Sheppard and Ward","Alberttown, AE",2021-04-08,https://www.realpython.com,
Software Developer (Python),Adams-Brewer,"Brockburgh, AE",2021-04-08,https://www.realpython.com,
Futures trader,Schneider-Brady,"North Jason, AE",2021-04-08,https://www.realpython.com,
Tour manager,Gonzales-Frank,"Arnoldhaven, AE",2021-04-08,https://www.realpython.com,
Cytogeneticist,Smith-Wong,"Lake Destiny, AP",2021-04-08,https://www.realpython.com,
"Designer, multimedia",Pierce-Herrera,"South Timothyburgh, AP",2021-04-08,https://www.realpython.com,
Trade union research officer,"Aguilar, Rivera and Quinn","New Jimmyton, AE",2021-04-08,https://www.realpython.com,
"Chemist, analytical","Lowe, Barnes and Thomas","New Lucasbury, AP",2021-04-08,https://www.realpython.com,
"Programmer, multimedia","Lewis, Gonzalez and Vasquez","Port Cory, AE",2021-04-08,https://www.realpython.com,
"Engineer, broadcasting (operations)",Taylor PLC,"Gileston, AA",2021-04-08,https://www.realpython.com,
"Teacher, primary school","Oliver, Jones and Ramirez","Cindyshire, AA",2021-04-08,https://www.realpython.com,
Python Developer,Rivera and Sons,"East Michaelfort, AA",2021-04-08,https://www.realpython.com,
Manufacturing systems engineer,Garcia PLC,"Joybury, AE",2021-04-08,https://www.realpython.com,
"Producer, television/film/video","Johnson, Wells and Kramer","Emmatown, AE",2021-04-08,https://www.realpython.com,
"Scientist, forensic",Gonzalez LLC,"Colehaven, AP",2021-04-08,https://www.realpython.com,
Bonds trader,"Morgan, White and Macdonald","Port Coryton, AE",2021-04-08,https://www.realpython.com,
Editorial assistant,Robinson-Fitzpatrick,"Amyborough, AA",2021-04-08,https://www.realpython.com,
Photographer,"Waters, Wilson and Hoover","Reynoldsville, AA",2021-04-08,https://www.realpython.com,
Retail banker,Hill LLC,"Port Billy, AP",2021-04-08,https://www.realpython.com,
Jewellery designer,Li-Gregory,"Adamburgh, AA",2021-04-08,https://www.realpython.com,
Ophthalmologist,"Fisher, Ryan and Coleman","Wilsonmouth, AA",2021-04-08,https://www.realpython.com,
"Back-End Web Developer (Python, Django)",Stewart-Alexander,"South Kimberly, AA",2021-04-08,https://www.realpython.com,
Licensed conveyancer,Abbott and Sons,"Benjaminland, AP",2021-04-08,https://www.realpython.com,
Futures trader,"Bryant, Santana and Davenport","Zacharyport, AA",2021-04-08,https://www.realpython.com,
Counselling psychologist,Smith PLC,"Port Devonville, AE",2021-04-08,https://www.realpython.com,
Insurance underwriter,Patterson-Singh,"East Thomas, AE",2021-04-08,https://www.realpython.com,
"Engineer, automotive",Martinez-Berry,"New Jeffrey, AP",2021-04-08,https://www.realpython.com,
"Producer, radio","May, Taylor and Fisher","Davidside, AA",2021-04-08,https://www.realpython.com,
Dispensing optician,"Bailey, Owen and Thompson","Jamesville, AA",2021-04-08,https://www.realpython.com,
"Designer, fashion/clothing",Vasquez Ltd,"New Kelly, AP",2021-04-08,https://www.realpython.com,
Chartered loss adjuster,Leblanc LLC,"Lake Antonio, AA",2021-04-08,https://www.realpython.com,
"Back-End Web Developer (Python, Django)","Jackson, Ali and Mckee","New Elizabethside, AA",2021-04-08,https://www.realpython.com,
Forest/woodland manager,"Blankenship, Knight and Powell","Millsbury, AE",2021-04-08,https://www.realpython.com,
Clinical cytogeneticist,"Patton, Haynes and Jones","Lloydton, AP",2021-04-08,https://www.realpython.com,
Print production planner,Wood Inc,"Port Jeremy, AA",2021-04-08,https://www.realpython.com,
Systems developer,Collins Group,"New Elizabethtown, AA",2021-04-08,https://www.realpython.com,
Graphic designer,Flores-Nelson,"Charlesstad, AE",2021-04-08,https://www.realpython.com,
Writer,"Mitchell, Jones and Olson","Josephbury, AE",2021-04-08,https://www.realpython.com,
Field seismologist,Howard Group,"Seanfurt, AA",2021-04-08,https://www.realpython.com,
Chief Strategy Officer,Kramer-Edwards,"Williambury, AA",2021-04-08,https://www.realpython.com,
Air cabin crew,Berry-Houston,"South Jorgeside, AP",2021-04-08,https://www.realpython.com,
Python Programmer (Entry-Level),Mathews Inc,"Robertborough, AP",2021-04-08,https://www.realpython.com,
Warden/ranger,Riley-Johnson,"South Saratown, AP",2021-04-08,https://www.realpython.com,
Sports therapist,Spencer and Sons,"Hullview, AA",2021-04-08,https://www.realpython.com,
Arts development officer,Camacho-Sanchez,"Philipland, AP",2021-04-08,https://www.realpython.com,
Printmaker,Oliver and Sons,"North Patty, AE",2021-04-08,https://www.realpython.com,
Health and safety adviser,Eaton PLC,"North Stephen, AE",2021-04-08,https://www.realpython.com,
Manufacturing systems engineer,Stanley-Frederick,"Stevensland, AP",2021-04-08,https://www.realpython.com,
"Programmer, applications",Bradley LLC,"Reyesstad, AE",2021-04-08,https://www.realpython.com,
Medical physicist,"Parker, Goodwin and Zavala","Bellberg, AP",2021-04-08,https://www.realpython.com,
Media planner,Kim-Miles,"North Johnland, AE",2021-04-08,https://www.realpython.com,
Software Developer (Python),Moreno-Rodriguez,"Martinezburgh, AE",2021-04-08,https://www.realpython.com,
"Surveyor, land/geomatics",Brown-Ortiz,"Joshuatown, AE",2021-04-08,https://www.realpython.com,
Legal executive,Hartman PLC,"West Ericstad, AA",2021-04-08,https://www.realpython.com,
"Librarian, academic",Brooks Inc,"Tuckertown, AE",2021-04-08,https://www.realpython.com,
Barrister,Washington-Castillo,"Perezton, AE",2021-04-08,https://www.realpython.com,
Museum/gallery exhibitions officer,"Nguyen, Yoder and Petty","Lake Abigail, AE",2021-04-08,https://www.realpython.com,
"Radiographer, diagnostic",Holder LLC,"Jacobshire, AP",2021-04-08,https://www.realpython.com,
Database administrator,Yates-Ferguson,"Port Susan, AE",2021-04-08,https://www.realpython.com,
Furniture designer,Ortega-Lawrence,"North Tiffany, AA",2021-04-08,https://www.realpython.com,
Ship broker,"Fuentes, Walls and Castro","Michelleville, AP",2021-04-08,https://www.realpython.com,
